<?xml version="1.0" encoding="UTF-8"?>
<beans xmlns="http://www.springframework.org/schema/beans"
       xmlns:mvc="http://www.springframework.org/schema/mvc" xmlns:xsi="http://www.w3.org/2001/XMLSchema-instance"
       xmlns:p="http://www.springframework.org/schema/p" xmlns:context="http://www.springframework.org/schema/context"
       xmlns:aop="http://www.springframework.org/schema/aop"
       xsi:schemaLocation="
	http://www.springframework.org/schema/beans
	http://www.springframework.org/schema/beans/spring-beans.xsd
	http://www.springframework.org/schema/context
	http://www.springframework.org/schema/context/spring-context.xsd
	http://www.springframework.org/schema/mvc
	http://www.springframework.org/schema/mvc/spring-mvc.xsd
	http://www.springframework.org/schema/aop
  	http://www.springframework.org/schema/aop/spring-aop.xsd">



    <!-- 注解支持 -->
    <mvc:annotation-driven />

    <!-- 自动扫描controller包下的所有类，使其认为spring mvc的控制器 -->
    <context:component-scan base-package="com.moguichun.webframe.controller" />

    <!--通用视图解析器-->
    <bean id="jspViewResolver" class="org.springframework.web.servlet.view.InternalResourceViewResolver">
        <property name="viewClass" value="org.springframework.web.servlet.view.JstlView"/>
        <property name="prefix" value="/pages/"/>
        <property name="suffix" value=".jsp"/>
        <property name="order" value="0" />
    </bean>

    <mvc:resources mapping="/css/**" location="/css/" />
    <mvc:resources mapping="/js/**" location="/js/" />
    <mvc:resources mapping="/images/**" location="/images/" />
    <mvc:resources mapping="/plug-in/**" location="/plug-in/" />

</beans>

